industry,candidate_count,median_trigger_count,avg_return60_pct,avg_pe_percentile,avg_turnover_percentile,universe_count,candidate_rate_pct
其他家电Ⅱ,1,3.0,10.54,0.0,0.9632697155203456,3,33.33333333333333
工程咨询服务Ⅱ,11,3.0,8.6,0.5629370629370629,0.7318181818181819,40,27.500000000000004
能源金属,3,3.0,-9.82,0.5151515151515151,0.7575757575757575,11,27.27272727272727
航天装备Ⅱ,2,3.0,-27.2,0.9786931818181818,0.29784839755131437,9,22.22222222222222
文娱用品,4,3.0,5.032500000000001,0.8214285714285714,0.8095238095238095,21,19.047619047619047
装修建材,6,3.0,-3.6533333333333338,0.7380952380952381,0.5454545454545454,33,18.181818181818183
出版,5,3.0,-3.656,0.525,0.5964285714285714,28,17.857142857142858
橡胶,3,3.0,-12.843333333333334,0.4102564102564103,0.7352941176470588,17,17.647058823529413
非白酒,3,3.0,4.613333333333332,0.5833333333333334,0.8725490196078431,17,17.647058823529413
医药商业,5,3.0,24.67,0.837037037037037,0.78,30,16.666666666666664
风电设备,5,3.0,-15.420000000000002,0.48,0.8400000000000001,30,16.666666666666664
影视院线,3,3.0,-3.356666666666667,0.46642561983471076,0.5,18,16.666666666666664
地面兵装Ⅱ,2,3.0,-11.275,0.9094783057851239,0.7916666666666667,12,16.666666666666664
特钢Ⅱ,2,3.0,-33.945,0.75,0.7916666666666667,12,16.666666666666664
渔业,1,3.0,12.36,0.1809142561983471,0.9047533309326612,6,16.666666666666664
环保设备Ⅱ,4,3.0,-15.344999999999999,0.328125,0.9249999999999999,25,16.0
个护用品,2,3.0,30.349999999999998,0.8333333333333333,0.7307692307692308,13,15.384615384615385
贵金属,2,3.0,32.175,0.8846153846153847,0.8461538461538463,13,15.384615384615385
铁路公路,5,3.0,2.2939999999999996,0.5448275862068965,0.8969696969696969,33,15.151515151515152
小家电,3,3.0,0.7833333333333338,0.3645833333333333,0.9500000000000001,20,15.0
其他电源设备Ⅱ,5,3.0,65.442,0.7047619047619047,0.7647058823529411,34,14.705882352941178
调味发酵品Ⅱ,2,3.5,9.135,0.8571428571428572,0.9642857142857143,14,14.285714285714285
贸易Ⅱ,2,3.5,-2.015,0.8636363636363638,0.49999999999999994,14,14.285714285714285
汽车服务,1,3.0,11.69,0.6481146694214877,0.5222362261433201,7,14.285714285714285
专业服务,4,3.0,9.195,0.4285714285714286,0.6293103448275862,29,13.793103448275861
轨交设备Ⅱ,4,3.5,10.51,0.7125,0.625,29,13.793103448275861
光伏设备,8,3.0,-3.4612499999999997,0.6026785714285714,0.6716269841269842,63,12.698412698412698
饲料,2,3.0,-1.62,0.3849431818181818,0.90625,16,12.5
非金属材料Ⅱ,1,3.0,-15.39,0.81275826446281,0.9538170687792582,8,12.5
小金属,3,3.0,-7.339999999999999,0.6527777777777778,0.8133333333333334,25,12.0
电机Ⅱ,3,3.0,-11.280000000000001,0.5652173913043478,0.39999999999999997,25,12.0
食品加工,3,3.0,-0.8033333333333322,0.4705882352941176,0.8533333333333334,25,12.0
厨卫电器,1,3.0,-3.87,0.9467975206611572,0.2779978393950306,9,11.11111111111111
酒店餐饮,1,3.0,30.85,0.0,0.9185271876125316,9,11.11111111111111
黑色家电,1,3.0,-5.75,0.9106404958677686,0.7946525027007562,9,11.11111111111111
中药Ⅱ,7,3.0,20.297142857142855,0.6613756613756614,0.7209821428571429,64,10.9375
电网设备,14,3.0,-6.024285714285715,0.6768707482993197,0.6838316722037652,129,10.852713178294573
家居用品,8,3.0,21.48875,0.5027777777777778,0.7162162162162162,74,10.81081081081081
农化制品,6,3.0,2.4116666666666666,0.5980392156862745,0.6384180790960452,59,10.16949152542373
航海装备Ⅱ,1,4.0,-23.09,0.9630681818181818,0.9,10,10.0
专用设备,18,3.0,-2.7399999999999998,0.627498001598721,0.7674953959484346,181,9.94475138121547
环境治理,10,3.0,6.016,0.5103896103896104,0.8361904761904763,105,9.523809523809524
装修装饰Ⅱ,2,3.0,31.950000000000003,0.3490444214876033,0.9761904761904763,21,9.523809523809524
其他电子Ⅱ,3,3.0,31.933333333333334,0.9259259259259259,0.7525252525252526,33,9.090909090909092
金属新材料,3,4.0,-16.23,0.89247311827957,0.702020202020202,33,9.090909090909092
养殖业,2,4.0,21.020000000000003,0.9373708677685951,0.9772727272727273,22,9.090909090909092
白色家电,1,3.0,-2.51,0.096590909090909,0.9090909090909092,11,9.090909090909092
通用设备,20,3.0,41.689499999999995,0.5902941176470589,0.7304932735426009,223,8.968609865470851
休闲食品,2,3.5,2.105,0.0263157894736842,0.9565217391304348,23,8.695652173913043
农产品加工,2,3.5,35.615,0.9375,0.9782608695652174,23,8.695652173913043
水泥,2,3.5,-3.195,0.2727272727272727,0.8586956521739131,23,8.695652173913043
造纸,2,3.5,4.67,0.1111111111111111,0.9347826086956522,23,8.695652173913043
计算机设备,7,3.0,11.581428571428573,0.3177842565597668,0.7314974182444062,83,8.433734939759036
服装家纺,5,3.0,9.526,0.8119999999999999,0.8033333333333333,60,8.333333333333332
游戏Ⅱ,2,3.0,-4.36,0.4722222222222222,0.5729166666666666,24,8.333333333333332
照明设备Ⅱ,1,4.0,23.35,0.746900826446281,0.9166666666666666,12,8.333333333333332
电视广播Ⅱ,1,4.0,-6.65,0.0,0.9166666666666666,12,8.333333333333332
化学制品,14,3.0,25.087142857142858,0.7058531746031746,0.7529411764705882,170,8.235294117647058
通信设备,7,3.0,3.1685714285714295,0.6246973365617433,0.853781512605042,85,8.235294117647058
证券Ⅱ,4,3.0,2.51,0.9693877551020408,0.9336734693877551,49,8.16326530612245
专业工程,3,3.0,-1.7100000000000002,0.4166666666666667,0.6936936936936937,37,8.108108108108109
IT服务Ⅱ,10,3.0,1.0529999999999997,0.37407407407407406,0.6812,125,8.0
旅游及景区,2,3.0,-7.925000000000001,0.6190476190476191,0.98,25,8.0
通信服务,3,3.0,-13.373333333333335,0.43478260869565216,0.7456140350877193,38,7.894736842105263
医疗器械,10,3.0,26.541000000000004,0.7453608247422681,0.841796875,128,7.8125
化学纤维,2,3.0,-3.2700000000000005,0.25,0.9615384615384617,26,7.6923076923076925
饮料乳品,2,3.5,48.165,0.9375,0.9615384615384617,26,7.6923076923076925
化妆品,1,3.0,-18.46,0.0,0.4615384615384615,13,7.6923076923076925
油服工程,1,3.0,26.1,0.0,0.7692307692307693,13,7.6923076923076925
医疗服务,4,4.0,83.67,0.6,0.7641509433962264,53,7.547169811320755
光学光电子,7,3.0,73.19142857142857,0.6643990929705215,0.8328267477203648,94,7.446808510638298
自动化设备,6,3.0,58.196666666666665,0.5467836257309941,0.698559670781893,81,7.4074074074074066
汽车零部件,18,3.0,7.325555555555555,0.6686407219402144,0.8091985428051003,244,7.377049180327869
燃气Ⅱ,2,3.0,10.86,0.962962962962963,0.9642857142857143,28,7.142857142857142
房地产服务,1,3.0,-10.66,0.9181301652892562,1.0,14,7.142857142857142
饰品,1,5.0,72.94,1.0,1.0,14,7.142857142857142
塑料,5,3.0,40.842,0.7275862068965517,0.8464788732394366,71,7.042253521126761
软件开发,9,3.0,8.136666666666667,0.625,0.6236979166666666,128,7.03125
工业金属,4,3.0,-2.54,0.9705882352941176,0.6754385964912281,57,7.017543859649122
基础建设,3,3.0,-3.4200000000000004,0.4305555555555556,0.5891472868217054,43,6.976744186046512
化学原料,4,3.5,18.7525,0.9184782608695652,0.733050847457627,59,6.779661016949152
化学制药,10,3.0,43.882,0.6017241379310345,0.9268456375838927,149,6.7114093959731544
家电零部件Ⅱ,2,4.0,17.6,0.5,0.9666666666666666,30,6.666666666666667
广告营销,2,3.0,-9.379999999999999,0.55,0.525,30,6.666666666666667
数字媒体,1,3.0,-4.98,0.7,0.4,15,6.666666666666667
玻璃玻纤,1,3.0,-26.78,1.0,0.7333333333333333,15,6.666666666666667
物流,3,4.0,-2.7333333333333343,0.7435897435897436,0.5579710144927537,46,6.521739130434782
元件,4,3.0,35.5825,0.841346153846154,0.7903225806451613,62,6.451612903225806
纺织制造,2,3.0,-16.085,0.98,0.564516129032258,31,6.451612903225806
航空装备Ⅱ,3,3.0,-2.083333333333334,0.8421052631578947,0.5035460992907802,47,6.382978723404255
摩托车及其他,1,3.0,37.34,0.4166666666666667,1.0,16,6.25
教育,1,3.0,38.01,0.9715909090909092,1.0,16,6.25
互联网电商,1,4.0,-10.26,0.9375,0.4117647058823529,17,5.88235294117647
生物制品,3,3.0,46.24,0.6574074074074074,0.6790123456790124,54,5.555555555555555
半导体,10,3.0,91.693,0.8066176470588236,0.6790055248618785,181,5.524861878453039
电力,6,3.0,-0.1866666666666669,0.6958762886597937,0.5298165137614679,109,5.5045871559633035
白酒Ⅱ,1,4.0,-13.43,0.0,1.0,19,5.263157894736842
种植业,1,3.0,27.54,0.8666666666666667,0.8947368421052632,19,5.263157894736842
一般零售,3,4.0,8.393333333333334,0.7959183673469387,0.6005747126436782,58,5.172413793103448
包装印刷,2,3.0,-5.535,0.9516129032258065,0.85625,40,5.0
综合Ⅱ,1,4.0,-9.66,1.0,0.65,20,5.0
普钢,1,3.0,7.46,0.0,0.9565217391304348,23,4.3478260869565215
多元金融,1,3.0,-18.6,0.9166666666666666,0.0384615384615384,26,3.8461538461538463
煤炭开采,1,3.0,-18.96,0.0,0.9615384615384616,26,3.8461538461538463
工程机械,1,4.0,-8.86,1.0,0.3214285714285714,28,3.571428571428571
消费电子,3,3.0,-15.920000000000002,0.7288135593220338,0.7407407407407408,90,3.3333333333333335
军工电子Ⅱ,2,3.0,-17.735,0.9833333333333334,0.9083333333333334,60,3.3333333333333335
炼化及贸易,1,3.0,-4.47,0.8148148148148148,0.8,30,3.3333333333333335
电池,3,3.0,-8.15,0.9298245614035089,0.8156028368794326,94,3.1914893617021276
航运港口,1,3.0,19.27,0.303030303030303,1.0,34,2.941176470588235
电子化学品Ⅱ,1,3.0,73.32,1.0,0.8571428571428571,35,2.857142857142857
房地产开发,2,3.0,37.97,0.390625,0.9567901234567902,81,2.4691358024691357
银行Ⅱ,1,3.0,2.84,0.6666666666666666,0.9047619047619048,42,2.380952380952381
