code,name,industry,review_tier,refined_reasons,trigger_count,trigger_reasons,last_price,market_cap_cny,float_market_cap_cny,pe_dynamic,pe_ttm,pb,return_60d_pct,return_ytd_pct,turnover_pct,revenue_yoy_pct,net_profit_yoy_pct,roe_pct,ocf_to_eps,financial_report_date,notice_date,listing_date,pe_percentile,pb_percentile,return60_percentile,turnover_percentile
300534,陇神戎发,中药Ⅱ,A:结构共振,估值位于行业高分位；经营/现金流质量压力；60日强势与高换手共振；绝对涨幅达到复核阈值,5,估值压力；60日强势；高换手；现金流/利润背离；收入与利润同比下滑,16.16,4902055200.0,4881283847.0,178.81,141.86,6.85,102.25,70.82,20.32,-30.959974212,-40.67,1.92,-1.0328013599778765,2026-06-30 00:00:00,2026-08-26 00:00:00,20160913,0.8888888888888888,0.984126984126984,1.0,0.984375
000017,深中华A,饰品,A:结构共振,估值位于行业高分位；经营/现金流质量压力；60日强势与高换手共振；绝对涨幅达到复核阈值,5,估值压力；60日强势；高换手；现金流/利润背离；收入与利润同比下滑,9.46,6519689466.0,4170175656.0,308.03,196.72,16.54,72.94,20.2,23.62,-6.1134980832,-43.01,2.72,-2.306759960909091,2026-06-30 00:00:00,2026-08-25 00:00:00,19920331,1.0,1.0,1.0,1.0
301008,宏昌科技,家电零部件Ⅱ,A:结构共振,估值位于行业高分位；经营/现金流质量压力；60日强势与高换手共振；绝对涨幅达到复核阈值,5,估值压力；60日强势；高换手；现金流/利润背离；收入与利润同比下滑,38.12,4992318480.0,4408224780.0,869.02,223.41,3.32,53.34,10.59,4.44,-5.4151185851,-87.96,0.1,-100.46094205459458,2026-03-31 00:00:00,2026-04-23 00:00:00,20210611,1.0,0.6333333333333333,1.0,0.9333333333333332
600722,金牛化工,化学原料,A:结构共振,估值位于行业高分位；经营/现金流质量压力；60日强势与高换手共振；绝对涨幅达到复核阈值,5,估值压力；60日强势；高换手；现金流/利润背离；收入与利润同比下滑,14.14,9619720219.0,9619720219.0,184.32,202.24,7.63,38.36,138.05,14.57,-13.9400320288,-2.71,1.0398,-0.2414804041666667,2026-03-31 00:00:00,2026-04-30 00:00:00,19960626,0.9565217391304348,0.8983050847457628,1.0,0.9661016949152542
603990,麦迪科技,软件开发,A:结构共振,估值位于行业高分位；经营/现金流质量压力；60日强势与高换手共振；绝对涨幅达到复核阈值,5,估值压力；60日强势；高换手；现金流/利润背离；收入与利润同比下滑,22.65,6913809012.0,6913809012.0,449.38,356.22,8.24,2.91,49.31,3.88,-2.607048612,-83.7,0.46,-2.2796770674,2026-03-31 00:00:00,2026-04-29 00:00:00,20161208,0.9166666666666666,0.890625,0.9140625,0.9140625
600272,开开实业,医药商业,A:结构共振,估值位于行业高分位；经营/现金流质量压力；60日强势与高换手共振；绝对涨幅达到复核阈值,4,估值压力；60日强势；高换手；现金流/利润背离,20.5,5384364873.0,3280000000.0,74.58,234.03,6.81,78.73,50.51,30.41,-0.0503831328,126.21,2.3,-0.1714284929420289,2026-03-31 00:00:00,2026-04-30 00:00:00,20010228,0.8518518518518519,1.0,1.0,1.0
300313,天山生物,养殖业,A:结构共振,估值位于行业高分位；经营/现金流质量压力；60日强势与高换手共振；绝对涨幅达到复核阈值,4,估值压力；60日强势；高换手；现金流/利润背离,15.18,3639845129.0,2995815337.0,218.66,-201.49,99.07,58.95,89.04,16.53,381.0512661639,183.91,12.17,-3.59845843816092,2026-03-31 00:00:00,2026-04-25 00:00:00,20120425,0.8979855371900827,1.0,1.0,1.0
300345,华民股份,光伏设备,A:结构共振,估值位于行业高分位；经营/现金流质量压力；60日强势与高换手共振；绝对涨幅达到复核阈值,4,估值压力；60日强势；高换手；收入与利润同比下滑,9.19,5342446373.0,4418034612.0,-21.4,-25.37,15.53,56.29,46.57,11.52,-35.5371160384,-54.31,-31.4,,2026-06-30 00:00:00,2026-08-25 00:00:00,20120801,,0.9508196721311476,1.0,1.0
600127,金健米业,农产品加工,A:结构共振,估值位于行业高分位；经营/现金流质量压力；60日强势与高换手共振；绝对涨幅达到复核阈值,4,估值压力；60日强势；高换手；现金流/利润背离,9.55,6129029732.0,6129029732.0,8754.53,-1175.2,9.13,54.03,42.11,37.93,5.6825074714,-98.09,0.03,-934.4326247766668,2026-03-31 00:00:00,2026-04-30 00:00:00,19980506,1.0,0.9523809523809524,1.0,1.0
688662,富信科技,其他电子Ⅱ,A:结构共振,估值位于行业高分位；经营/现金流质量压力；60日强势与高换手共振；绝对涨幅达到复核阈值,4,估值压力；60日强势；高换手；现金流/利润背离,87.5,10036743850.0,10036743850.0,227.27,243.97,13.97,28.02,123.67,6.35,8.5223254956,8.52,3.0,-0.320608147235,2026-06-30 00:00:00,2026-08-19 00:00:00,20210401,0.925925925925926,0.8787878787878788,0.9696969696969696,0.9696969696969696
002365,永安药业,化学制药,A:结构共振,估值位于行业高分位；经营/现金流质量压力；60日强势与高换手共振；绝对涨幅达到复核阈值,4,估值压力；60日强势；高换手；现金流/利润背离,14.88,4384875600.0,3649892389.0,141.69,126.74,2.23,26.96,0.4,15.26,37.8278300429,277.16,0.39,-0.1812950809328358,2026-03-31 00:00:00,2026-04-30 00:00:00,20100305,0.9051724137931034,0.4026845637583892,0.912751677852349,0.9731543624161074
600186,莲花控股,调味发酵品Ⅱ,A:结构共振,估值位于行业高分位；经营/现金流质量压力；60日强势与高换手共振；绝对涨幅达到复核阈值,4,估值压力；60日强势；高换手；现金流/利润背离,11.43,20491299847.0,20449850666.0,35.7,58.28,10.85,18.57,91.14,5.97,28.012075148,42.06,7.05,-0.9651593760953462,2026-03-31 00:00:00,2026-04-23 00:00:00,19980825,0.7857142857142857,1.0,1.0,1.0
301529,福赛科技,汽车零部件,A:结构共振,估值位于行业高分位；经营/现金流质量压力；60日强势与高换手共振；绝对涨幅达到复核阈值,4,估值压力；60日强势；高换手；现金流/利润背离,114.64,13576102598.0,7287283507.0,110.43,100.17,9.7,6.06,41.62,3.39,-8.7371684423,9.9,2.18,0.2214544164972973,2026-03-31 00:00:00,2026-04-28 00:00:00,20230911,0.8477157360406091,0.9588477366255144,0.9405737704918032,0.918032786885246
002172,澳洋健康,医疗服务,B:错配待核验,估值位于行业高分位；经营/现金流质量压力；绝对涨幅达到复核阈值,4,估值压力；高换手；现金流/利润背离；收入与利润同比下滑,4.84,3706144622.0,3703281133.0,76.69,109.33,18.52,46.22,21.91,28.95,-8.8863553493,-23.42,12.85,-2.1665575415,2026-06-30 00:00:00,2026-08-18 00:00:00,20070921,0.6,0.9622641509433962,0.8490566037735849,1.0
301130,西点药业,化学制药,B:错配待核验,估值位于行业高分位；经营/现金流质量压力；绝对涨幅达到复核阈值；小流通市值放大波动,4,估值压力；高换手；收入与利润同比下滑；小流通市值,35.08,2683433550.0,2070328989.0,150.29,456.16,3.08,22.61,23.52,24.56,-20.9524887872,-64.21,1.0,3.083455721497873,2026-06-30 00:00:00,2026-08-26 00:00:00,20220223,0.913793103448276,0.5704697986577181,0.8657718120805369,1.0
600857,宁波中百,一般零售,B:错配待核验,估值位于行业高分位；经营/现金流质量压力；绝对涨幅达到复核阈值,4,估值压力；60日强势；现金流/利润背离；收入与利润同比下滑,19.92,4468452786.0,4468452786.0,193.01,168.77,5.26,20.51,45.72,1.14,-67.5365510743,-34.36,1.34,-1.22561906596,2026-06-30 00:00:00,2026-08-25 00:00:00,19940425,0.9591836734693876,0.8620689655172413,0.9827586206896552,0.6206896551724138
002827,高争民爆,化学制品,B:错配待核验,估值位于行业高分位；经营/现金流质量压力；绝对涨幅达到复核阈值,3,估值压力；60日强势；收入与利润同比下滑,54.19,15013122740.0,14956379036.0,231.32,93.1,14.08,95.28,44.16,2.42,-5.1609063755,-53.11,3.02,1.600358062670068,2026-06-30 00:00:00,2026-08-14 00:00:00,20161209,0.9305555555555556,0.9882352941176472,0.9882352941176472,0.7705882352941177
688549,中巨芯-U,电子化学品Ⅱ,B:错配待核验,估值位于行业高分位；经营/现金流质量压力；绝对涨幅达到复核阈值,3,估值压力；60日强势；现金流/利润背离,24.49,36178489240.0,14432422310.0,1286.79,-3388.71,11.99,73.32,168.53,5.0,40.9816865835,72.75,0.47,-4.543101938210526,2026-06-30 00:00:00,2026-08-08 00:00:00,20230908,1.0,0.8857142857142857,1.0,0.8571428571428571
688105,诺唯赞,生物制品,B:错配待核验,估值位于行业高分位；经营/现金流质量压力；绝对涨幅达到复核阈值,3,估值压力；60日强势；现金流/利润背离,22.56,11663183044.0,11663183044.0,697.28,-813.24,3.24,60.46,50.2,3.29,12.5157828433,118.95,0.11,-19.7361536392,2026-03-31 00:00:00,2026-04-23 00:00:00,20211115,1.0,0.5740740740740741,0.925925925925926,0.7037037037037037
688037,芯源微,半导体,B:错配待核验,估值位于行业高分位；经营/现金流质量压力；绝对涨幅达到复核阈值,3,估值压力；60日强势；现金流/利润背离,369.31,74514384638.0,74514384638.0,4621.24,1167.15,26.43,52.14,148.74,1.89,26.4696339043,-49.37,0.29,-55.849883462575,2026-06-30 00:00:00,2026-08-26 00:00:00,20191216,0.9926470588235294,0.9666666666666668,0.95,0.5138121546961326
000506,招金黄金,贵金属,B:错配待核验,估值位于行业高分位；经营/现金流质量压力；绝对涨幅达到复核阈值,3,估值压力；60日强势；现金流/利润背离,20.99,19500082803.0,19493559111.0,42.99,57.19,21.62,45.16,60.72,7.48,85.131256022,407.44,28.34,0.2486672744916667,2026-06-30 00:00:00,2026-08-18 00:00:00,19930312,0.8461538461538461,1.0,1.0,0.7692307692307693
688147,微导纳米,半导体,B:错配待核验,估值位于行业高分位；经营/现金流质量压力；绝对涨幅达到复核阈值,3,估值压力；60日强势；收入与利润同比下滑,114.84,53338946883.0,53338946883.0,634.45,341.28,18.31,36.45,83.3,1.21,-5.5407340855,-75.01,0.7,3.2938968160745614,2026-03-31 00:00:00,2026-04-29 00:00:00,20221223,0.9191176470588236,0.9166666666666666,0.9166666666666666,0.3011049723756906
688627,精智达,通用设备,B:错配待核验,估值位于行业高分位；经营/现金流质量压力；绝对涨幅达到复核阈值,3,估值压力；60日强势；现金流/利润背离,464.45,43717821125.0,43717821125.0,446.92,522.04,24.46,33.47,107.93,2.51,81.1679117713,59.9,2.8,-7.145697430269231,2026-06-30 00:00:00,2026-08-19 00:00:00,20230718,0.9352941176470588,0.9772727272727272,0.9684684684684683,0.7219730941704036
300604,长川科技,半导体,B:错配待核验,估值位于行业高分位；经营/现金流质量压力；绝对涨幅达到复核阈值,3,估值压力；60日强势；现金流/利润背离,276.5,178503476641.0,135338851778.0,126.58,113.49,21.98,33.24,173.19,2.33,69.0854419545,217.6,7.17,-0.5923878568174474,2026-03-31 00:00:00,2026-04-25 00:00:00,20170417,0.6176470588235294,0.95,0.9055555555555556,0.6353591160220995
688498,源杰科技,半导体,B:错配待核验,估值位于行业高分位；经营/现金流质量压力；绝对涨幅达到复核阈值,3,估值压力；60日强势；现金流/利润背离,1561.72,194434728768.0,191923119128.0,270.89,546.09,78.89,29.4,252.77,1.54,320.9399426311,1153.07,7.38,0.2207350782488038,2026-03-31 00:00:00,2026-04-28 00:00:00,20221221,0.875,1.0,0.9,0.3839779005524862
000566,海南海药,化学制药,B:错配待核验,估值位于行业高分位；经营/现金流质量压力；绝对涨幅达到复核阈值,3,估值压力；高换手；收入与利润同比下滑,5.08,6590614840.0,6587417016.0,-21.55,-15.04,1481.89,24.51,-28.95,10.15,-18.5956697209,-11.8286063949,-179.16,,2026-03-31 00:00:00,2026-04-28 00:00:00,19940525,,1.0,0.8791946308724832,0.953020134228188
688519,南亚新材,元件,B:错配待核验,估值位于行业高分位；经营/现金流质量压力；绝对涨幅达到复核阈值,3,估值压力；60日强势；现金流/利润背离,288.24,67788410602.0,67788410602.0,112.88,183.54,24.07,20.64,257.84,1.45,92.3628096419,610.83,5.08,-0.4267867873090909,2026-03-31 00:00:00,2026-04-28 00:00:00,20200818,0.7692307692307693,1.0,0.9032258064516128,0.2580645161290322
002716,湖南白银,贵金属,B:错配待核验,估值位于行业高分位；经营/现金流质量压力；绝对涨幅达到复核阈值,3,估值压力；高换手；现金流/利润背离,11.43,32267903224.0,26545896954.0,95.95,72.33,7.94,19.19,65.17,16.5,92.536588686,170.34,4.36,-8.200082685563025,2026-06-30 00:00:00,2026-08-21 00:00:00,20140128,0.9230769230769232,0.7692307692307693,0.6923076923076923,0.9230769230769232
301377,鼎泰高科,通用设备,B:错配待核验,估值位于行业高分位；经营/现金流质量压力；绝对涨幅达到复核阈值,3,估值压力；60日强势；现金流/利润背离,396.1,167964198357.0,39158815957.0,123.66,176.25,53.78,15.05,185.79,1.64,114.8532705135,325.12,23.27,-0.0665876276192771,2026-06-30 00:00:00,2026-08-20 00:00:00,20221122,0.7529411764705882,0.9954545454545456,0.918918918918919,0.5807174887892377
300749,顶固集创,家居用品,B:错配待核验,估值位于行业高分位；经营/现金流质量压力；绝对涨幅达到复核阈值,3,估值压力；60日强势；现金流/利润背离,25.22,5174372268.0,3969517032.0,24.51,47.68,7.65,15.05,108.95,1.89,-36.1921917868,1678.13,16.97,-0.7222926297509804,2026-06-30 00:00:00,2026-08-24 00:00:00,20180925,0.2444444444444444,0.958904109589041,0.9054054054054054,0.7432432432432432
300567,精测电子,通用设备,B:错配待核验,估值位于行业高分位；经营/现金流质量压力；绝对涨幅达到复核阈值,3,估值压力；60日强势；现金流/利润背离,215.1,60173543348.0,48838395848.0,352.21,690.57,14.6,15.03,136.37,2.43,7.2624981815,13.61,0.97,-8.830030017886667,2026-03-31 00:00:00,2026-04-28 00:00:00,20161122,0.9058823529411764,0.9545454545454546,0.9144144144144144,0.7130044843049327
688448,磁谷科技,通用设备,B:错配待核验,估值位于行业高分位；经营/现金流质量压力；绝对涨幅达到复核阈值,3,估值压力；60日强势；现金流/利润背离,63.65,6207080531.0,6207080531.0,2566.86,929.69,6.05,13.56,77.2,1.38,5.7366487446,-73.04,0.12,-1.7568733776,2026-06-30 00:00:00,2026-08-18 00:00:00,20220921,1.0,0.8045454545454546,0.9054054054054054,0.5
301217,铜冠铜箔,电池,B:错配待核验,估值位于行业高分位；经营/现金流质量压力；绝对涨幅达到复核阈值,3,估值压力；60日强势；现金流/利润背离,109.35,90652849736.0,90652849736.0,213.11,551.94,16.48,5.52,218.99,1.88,32.0377583946,2138.17,1.95,-2.9605396380076923,2026-03-31 00:00:00,2026-04-28 00:00:00,20220127,0.986842105263158,0.9574468085106383,0.9680851063829788,0.5531914893617021
688025,杰普特,自动化设备,B:错配待核验,估值位于行业高分位；经营/现金流质量压力；绝对涨幅达到复核阈值,3,估值压力；高换手；现金流/利润背离,390.01,37070225464.0,37070225464.0,94.85,97.81,14.52,2.66,177.23,5.92,68.8631400537,105.25,8.02,0.3405486251635922,2026-06-30 00:00:00,2026-08-26 00:00:00,20191031,0.6842105263157895,0.9506172839506172,0.8395061728395061,0.9135802469135802
300857,协创数据,消费电子,B:错配待核验,估值位于行业高分位；经营/现金流质量压力；绝对涨幅达到复核阈值,3,估值压力；60日强势；现金流/利润背离,236.16,115567975526.0,114976857128.0,31.02,44.54,18.99,0.27,96.41,1.15,192.9016238333,343.45,15.66,0.3624910087262673,2026-03-31 00:00:00,2026-04-28 00:00:00,20200727,0.2711864406779661,0.9666666666666668,0.9,0.3111111111111111
003018,金富科技,包装印刷,B:错配待核验,估值位于行业高分位；经营/现金流质量压力；绝对涨幅达到复核阈值,3,估值压力；高换手；现金流/利润背离,45.4,14253329183.0,12916824506.0,172.94,148.55,8.73,0.04,215.94,8.7,13.6154561084,-19.31,1.28,-1.2038213706749998,2026-03-31 00:00:00,2026-04-29 00:00:00,20201106,0.967741935483871,0.975,0.85,1.0
688655,迅捷兴,元件,B:错配待核验,估值位于行业高分位；经营/现金流质量压力；绝对涨幅达到复核阈值,3,估值压力；高换手；现金流/利润背离,44.31,5910510900.0,5910510900.0,207.19,-1104.9,8.78,-9.35,158.67,6.9,77.4638956831,615.6475288689,2.15,-1.0039233021454546,2026-06-30 00:00:00,2026-08-25 00:00:00,20210511,0.9230769230769232,0.6451612903225806,0.6935483870967742,0.935483870967742
301205,联特科技,通信设备,B:错配待核验,估值位于行业高分位；经营/现金流质量压力；绝对涨幅达到复核阈值,3,估值压力；现金流/利润背离；收入与利润同比下滑,305.98,39803255310.0,25624359356.0,3267.04,455.26,24.64,-9.96,81.8,7.55,-9.5648764936,-83.71,0.19,-35.46579627510638,2026-03-31 00:00:00,2026-04-29 00:00:00,20220913,1.0,0.9058823529411764,0.611764705882353,0.8823529411764706
603399,永杉锂业,能源金属,B:错配待核验,估值位于行业高分位；经营/现金流质量压力；绝对涨幅达到复核阈值,3,估值压力；高换手；现金流/利润背离,14.95,7658745203.0,7658745203.0,14.45,-44.7,4.73,-12.27,43.89,7.56,90.1739536708,549.2412322595,8.53,-2.772274666438461,2026-03-31 00:00:00,2026-04-28 00:00:00,20120824,0.5454545454545454,1.0,0.8181818181818182,1.0
301093,华兰股份,医疗器械,B:错配待核验,估值位于行业高分位；经营/现金流质量压力；绝对涨幅达到复核阈值,3,估值压力；现金流/利润背离；收入与利润同比下滑,77.25,16464398564.0,15719140313.0,6751.59,388.26,7.5,-13.41,96.72,1.96,-11.0044277766,-96.68,0.03,-7.74945736825,2026-03-31 00:00:00,2026-04-24 00:00:00,20211101,1.0,0.9453125,0.1484375,0.7890625
688663,新风光,电网设备,B:错配待核验,估值位于行业高分位；经营/现金流质量压力；绝对涨幅达到复核阈值,3,估值压力；现金流/利润背离；收入与利润同比下滑,54.23,10696758172.0,10696758172.0,638.94,149.59,7.89,-15.07,96.13,0.69,-44.8084998618,-85.1,0.3,-44.72780161243334,2026-03-31 00:00:00,2026-04-25 00:00:00,20210413,0.9809523809523808,0.9069767441860463,0.4728682170542636,0.1937984496124031
688300,联瑞新材,非金属材料Ⅱ,B:错配待核验,估值位于行业高分位；经营/现金流质量压力；绝对涨幅达到复核阈值,3,估值压力；高换手；现金流/利润背离,154.85,37391504072.0,37391504072.0,125.46,123.4,21.57,-15.39,151.42,6.21,21.2056258637,7.48,8.26,0.3881764798290322,2026-06-30 00:00:00,2026-08-15 00:00:00,20191115,0.81275826446281,0.9731400966183577,0.2612612612612612,0.9538170687792582
002980,华盛昌,电网设备,B:错配待核验,估值位于行业高分位；经营/现金流质量压力；绝对涨幅达到复核阈值,3,估值压力；高换手；现金流/利润背离,93.85,17682393372.0,9505767963.0,117.59,146.42,14.95,-16.3,345.42,5.99,37.0934652756,72.94,6.53,0.3792237718975,2026-06-30 00:00:00,2026-08-26 00:00:00,20200415,0.8380952380952381,0.9767441860465116,0.4651162790697674,0.9457364341085271
000890,法尔胜,环保设备Ⅱ,B:错配待核验,估值位于行业高分位；经营/现金流质量压力；绝对涨幅达到复核阈值,3,估值压力；高换手；收入与利润同比下滑,7.98,3347641665.0,3347538547.0,-91.11,-43.99,171.25,-28.49,57.4,4.14,-1.8208943079,-1123.53,-38.05,,2026-03-31 00:00:00,2026-04-30 00:00:00,19990119,,1.0,0.12,0.96
301176,逸豪新材,元件,B:错配待核验,估值位于行业高分位；经营/现金流质量压力；绝对涨幅达到复核阈值,2,估值压力；现金流/利润背离,44.76,7567424015.0,7343039539.0,175.97,-344.01,5.05,4.09,77.83,2.1,69.077635104,242.19,1.44,-13.09468841308699,2026-06-30 00:00:00,2026-08-26 00:00:00,20220928,0.903846153846154,0.3548387096774194,0.8387096774193549,0.4032258064516129
688433,华曙高科,通用设备,B:错配待核验,估值位于行业高分位；经营/现金流质量压力；绝对涨幅达到复核阈值,2,估值压力；现金流/利润背离,98.7,41017503889.0,41017503889.0,2431.44,562.41,19.14,3.04,49.27,0.99,42.2659532908,87.09,0.4,-9.321401639509803,2026-06-30 00:00:00,2026-08-12 00:00:00,20230417,0.9941176470588236,0.9636363636363636,0.7972972972972973,0.3094170403587444
688313,仕佳光子,通信设备,B:错配待核验,估值位于行业高分位；经营/现金流质量压力；绝对涨幅达到复核阈值,2,估值压力；现金流/利润背离,151.42,68439769786.0,68439769786.0,108.71,145.5,39.86,-1.8,71.13,2.37,50.6601605112,45.3,18.51,-1.2064172377556002,2026-06-30 00:00:00,2026-08-01 00:00:00,20200812,0.6440677966101694,0.976470588235294,0.8235294117647058,0.5294117647058824
688017,绿的谐波,自动化设备,B:错配待核验,估值位于行业高分位；经营/现金流质量压力；绝对涨幅达到复核阈值,2,估值压力；现金流/利润背离,299.3,54870706413.0,54870706413.0,420.35,401.24,15.54,-2.12,55.97,1.83,42.9556261555,61.17,0.92,0.1652912017865168,2026-03-31 00:00:00,2026-04-23 00:00:00,20200828,0.9298245614035088,0.9629629629629628,0.7901234567901234,0.5925925925925926
301070,开勒股份,通用设备,B:错配待核验,估值位于行业高分位；经营/现金流质量压力；绝对涨幅达到复核阈值,2,估值压力；现金流/利润背离,64.72,8166003026.0,5489153666.0,386.95,-5123.65,11.0,-2.47,47.02,1.58,7.9116183528,-3.36,1.43,-0.5544996471513707,2026-06-30 00:00:00,2026-08-25 00:00:00,20210923,0.9294117647058824,0.9318181818181818,0.7072072072072072,0.5560538116591929
600539,狮头股份,互联网电商,B:错配待核验,估值位于行业高分位；经营/现金流质量压力；绝对涨幅达到复核阈值,2,估值压力；收入与利润同比下滑,14.86,3417800000.0,3417800000.0,1623.6,-156.05,11.37,-2.49,45.97,2.67,-2.3236213626,-9.73,0.1753,4.782295482173914,2026-03-31 00:00:00,2026-04-30 00:00:00,20010824,1.0,0.8823529411764706,0.8235294117647058,0.7647058823529411
002647,仁东控股,多元金融,B:错配待核验,估值位于行业高分位；经营/现金流质量压力；绝对涨幅达到复核阈值,2,估值压力；现金流/利润背离,11.98,13540894051.0,12163194051.0,71.99,-172.9,21.76,-7.2,49.38,2.86,7.5300158372,-90.3,8.03,-0.2468373212980769,2026-03-31 00:00:00,2026-04-30 00:00:00,20111228,0.875,1.0,0.2692307692307692,0.8846153846153846
300736,百邦科技,其他电子Ⅱ,B:错配待核验,估值位于行业高分位；经营/现金流质量压力；绝对涨幅达到复核阈值,2,估值压力；收入与利润同比下滑,29.58,3784297304.0,3688847465.0,-201.11,-130.26,57.51,-7.33,90.72,1.99,-17.0591975597,-0.04,-6.9,,2026-03-31 00:00:00,2026-04-25 00:00:00,20180109,,0.9696969696969696,0.7272727272727273,0.4848484848484848
300806,斯迪克,塑料,B:错配待核验,估值位于行业高分位；经营/现金流质量压力；绝对涨幅达到复核阈值,2,估值压力；现金流/利润背离,50.99,32313990346.0,23285541398.0,530.5,490.07,13.88,-7.74,131.98,3.71,12.8821698796,57.96,0.66,-7.3772946795,2026-03-31 00:00:00,2026-04-27 00:00:00,20191125,0.9482758620689656,0.9571428571428572,0.6197183098591549,0.8169014084507042
600707,彩虹股份,光学光电子,B:错配待核验,估值位于行业高分位；经营/现金流质量压力；绝对涨幅达到复核阈值,2,估值压力；收入与利润同比下滑,9.22,33084953329.0,33078314929.0,1495.49,575.77,1.54,-7.98,43.61,1.36,-7.3867439594,-98.28,0.03,121.2921674875,2026-03-31 00:00:00,2026-04-30 00:00:00,19960520,0.9682539682539684,0.0744680851063829,0.6382978723404256,0.351063829787234
300620,光库科技,通信设备,B:错配待核验,估值位于行业高分位；经营/现金流质量压力；绝对涨幅达到复核阈值,2,估值压力；现金流/利润背离,288.36,71853701956.0,71321821071.0,242.1,263.01,31.83,-9.89,96.36,2.18,72.9098394423,186.09,6.65,-1.087808093195634,2026-06-30 00:00:00,2026-08-18 00:00:00,20170310,0.8305084745762712,0.9529411764705882,0.6235294117647059,0.5176470588235295
300814,中富电路,元件,B:错配待核验,估值位于行业高分位；经营/现金流质量压力；绝对涨幅达到复核阈值,2,估值压力；现金流/利润背离,134.27,25703323824.0,25703323824.0,332.78,504.2,15.73,-10.4,81.72,2.54,38.0313985307,130.08,2.31,-1.3719523058149998,2026-06-30 00:00:00,2026-08-14 00:00:00,20210812,1.0,0.935483870967742,0.6451612903225806,0.5806451612903226
002718,友邦吊顶,装修建材,B:错配待核验,估值位于行业高分位；经营/现金流质量压力；绝对涨幅达到复核阈值,2,估值压力；收入与利润同比下滑,83.65,10828310896.0,8048408423.0,-6028.94,8231.76,11.79,-10.97,132.75,0.53,-20.2648544661,-108.84,-0.1,,2026-06-30 00:00:00,2026-08-20 00:00:00,20140128,,0.967741935483871,0.4242424242424242,0.2272727272727272
002135,东南网架,专业工程,B:错配待核验,估值位于行业高分位；经营/现金流质量压力；绝对涨幅达到复核阈值,2,估值压力；收入与利润同比下滑,6.54,7295519439.0,6826925705.0,119.57,420.71,1.18,-11.02,44.37,0.98,-22.2319974273,-67.48,0.23,201.2906287482,2026-03-31 00:00:00,2026-04-30 00:00:00,20070530,0.9642857142857144,0.2777777777777778,0.4594594594594595,0.5135135135135135
301319,唯特偶,电子化学品Ⅱ,B:错配待核验,估值位于行业高分位；经营/现金流质量压力；绝对涨幅达到复核阈值,2,估值压力；现金流/利润背离,100.2,18282669855.0,13779324341.0,175.51,206.13,15.18,-11.07,164.45,4.56,40.6196595146,23.47,4.34,-4.540670447335412,2026-06-30 00:00:00,2026-08-06 00:00:00,20220929,0.875,1.0,0.4285714285714285,0.8285714285714286
688048,长光华芯,半导体,B:错配待核验,估值位于行业高分位；经营/现金流质量压力；绝对涨幅达到复核阈值,2,估值压力；现金流/利润背离,291.0,51297463413.0,51297463413.0,2862.82,1520.24,17.02,-17.73,132.15,2.8,37.8098743993,159.7341670312,0.15,-29.261267792125984,2026-03-31 00:00:00,2026-04-18 00:00:00,20220401,0.9852941176470588,0.8888888888888888,0.2388888888888889,0.7237569060773481
002436,兴森科技,元件,B:错配待核验,估值位于行业高分位；经营/现金流质量压力；绝对涨幅达到复核阈值,2,估值压力；现金流/利润背离,33.47,56888074154.0,50805068769.0,257.39,262.62,10.09,-20.72,58.33,3.27,17.8632006098,283.27,2.03,0.0238779171857142,2026-06-30 00:00:00,2026-08-21 00:00:00,20100618,0.9615384615384616,0.7338709677419355,0.3225806451612903,0.6451612903225806
301128,强瑞技术,专用设备,B:错配待核验,估值位于行业高分位；经营/现金流质量压力；绝对涨幅达到复核阈值,2,估值压力；现金流/利润背离,109.7,15886510247.0,13974615315.0,92.25,91.91,16.55,-21.68,53.41,4.0,63.6832837525,56.83,9.04,-1.4700441657803565,2026-06-30 00:00:00,2026-08-12 00:00:00,20211110,0.7122302158273381,0.9555555555555556,0.149171270718232,0.8784530386740331
300835,龙磁科技,金属新材料,B:错配待核验,估值位于行业高分位；经营/现金流质量压力；绝对涨幅达到复核阈值,2,估值压力；现金流/利润背离,153.05,18250835997.0,12791218490.0,165.39,108.89,14.61,-21.87,134.06,1.73,30.4332943939,-3.11,2.21,0.4595932225435244,2026-03-31 00:00:00,2026-04-27 00:00:00,20200525,0.9032258064516128,0.9696969696969696,0.303030303030303,0.5757575757575758
605376,博迁新材,金属新材料,B:错配待核验,估值位于行业高分位；经营/现金流质量压力；绝对涨幅达到复核阈值,2,估值压力；现金流/利润背离,147.9,38690640000.0,38690640000.0,135.04,159.25,22.31,-22.38,126.49,1.64,64.022885055,49.64,4.09,-2.111756557511111,2026-03-31 00:00:00,2026-04-29 00:00:00,20201208,0.8387096774193549,1.0,0.2424242424242424,0.4696969696969697
688195,腾景科技,光学光电子,B:错配待核验,估值位于行业高分位；经营/现金流质量压力；绝对涨幅达到复核阈值,2,估值压力；现金流/利润背离,171.56,31067800400.0,31067800400.0,538.11,431.4,31.17,-25.99,41.8,3.62,51.1714357439,10.74,1.45,-0.3646308381090909,2026-03-31 00:00:00,2026-04-25 00:00:00,20210326,0.9523809523809524,0.946808510638298,0.1489361702127659,0.8723404255319149
301369,联动科技,半导体,B:错配待核验,估值位于行业高分位；经营/现金流质量压力；绝对涨幅达到复核阈值,2,估值压力；现金流/利润背离,129.76,13275457403.0,7117237512.0,972.03,335.22,8.86,-27.94,40.77,2.38,44.5636611946,229.55,0.23,-3.9178800862,2026-03-31 00:00:00,2026-04-27 00:00:00,20220922,0.9485294117647058,0.6833333333333333,0.0666666666666666,0.6464088397790055
300201,海伦哲,工程机械,B:错配待核验,估值位于行业高分位；经营/现金流质量压力；绝对涨幅达到复核阈值,2,估值压力；现金流/利润背离,14.18,14308238347.0,14232712236.0,56.1,40.55,7.58,-29.87,108.53,1.03,46.671955943,52.41,6.7,-1.090778362755418,2026-06-30 00:00:00,2026-08-22 00:00:00,20110407,0.7307692307692307,1.0,0.0357142857142857,0.7142857142857143
001267,汇绿生态,通信设备,B:错配待核验,估值位于行业高分位；经营/现金流质量压力；绝对涨幅达到复核阈值,2,估值压力；现金流/利润背离,37.99,29822280230.0,23119063638.0,550.44,384.02,18.35,-31.55,73.95,3.68,49.0075906313,-27.79,1.67,-20.252754447433336,2026-06-30 00:00:00,2026-08-15 00:00:00,20211117,0.9152542372881356,0.8470588235294118,0.0823529411764705,0.7058823529411765
001896,豫能控股,电力,B:错配待核验,估值位于行业高分位；经营/现金流质量压力；绝对涨幅达到复核阈值,2,估值压力；收入与利润同比下滑,11.94,18217829080.0,18217829080.0,139.14,51.66,5.04,-34.58,129.62,2.36,-7.5789789013,-36.57,1.84,7.668819413589743,2026-06-30 00:00:00,2026-08-26 00:00:00,19980122,0.9072164948453608,0.8990825688073395,0.073394495412844,0.8899082568807339
300302,同有科技,计算机设备,B:错配待核验,估值位于行业高分位；经营/现金流质量压力；绝对涨幅达到复核阈值,2,估值压力；现金流/利润背离,29.11,13951369160.0,10736172483.0,40.01,228.92,12.67,-37.55,60.47,2.49,156.1171416286,431.25,8.24,-0.839755165997801,2026-03-31 00:00:00,2026-04-28 00:00:00,20120321,0.4081632653061224,0.951219512195122,0.0481927710843373,0.6987951807228916
600726,华电能源,电力,B:错配待核验,估值位于行业高分位；经营/现金流质量压力；绝对涨幅达到复核阈值,2,估值压力；现金流/利润背离,5.64,44597376224.0,42160896213.0,37.69,133.71,8.47,-38.96,135.98,0.75,-3.0255203769,29.16,12.6,0.3466895114428571,2026-06-30 00:00:00,2026-08-20 00:00:00,19960701,0.7422680412371134,0.963302752293578,0.0275229357798165,0.5229357798165137
688312,燕麦科技,专用设备,B:错配待核验,估值位于行业高分位；经营/现金流质量压力；绝对涨幅达到复核阈值,2,估值压力；收入与利润同比下滑,48.3,7086333341.0,7086333341.0,717.58,51.95,4.83,-40.44,48.02,2.47,-3.7145400945,-1.93,0.16,52.61515098425,2026-03-31 00:00:00,2026-04-25 00:00:00,20200608,0.9856115107913668,0.7333333333333333,0.0331491712707182,0.8066298342541437
301583,托伦斯,半导体,N:新股/次新专用规则,估值位于行业高分位；经营/现金流质量压力；60日强势与高换手共振；绝对涨幅达到复核阈值；上市年限较短，需专用规则,4,估值压力；60日强势；高换手；现金流/利润背离,129.2,23963201006.0,3983413392.0,409.17,250.46,12.95,471.68,471.68,13.5,15.3740665424,-14.5758737552,1.63,-4.937505889218182,2026-03-31 00:00:00,2026-04-17 00:00:00,20260710,0.9044117647058824,0.8111111111111111,0.9833333333333332,0.988950276243094
301669,高特电子,其他电源设备Ⅱ,N:新股/次新专用规则,经营/现金流质量压力；60日强势与高换手共振；绝对涨幅达到复核阈值；小流通市值放大波动；上市年限较短，需专用规则,4,60日强势；高换手；现金流/利润背离；小流通市值,28.87,13857600000.0,2364093424.0,224.17,98.64,8.1,307.77,307.77,4.18,26.1447578299,29.85,1.63,-10.3103258375,2026-03-31 00:00:00,2026-05-21 00:00:00,20260609,0.8571428571428571,0.8484848484848485,1.0,0.9705882352941176
301655,C绿控,汽车零部件,N:新股/次新专用规则,经营/现金流质量压力；60日强势与高换手共振；绝对涨幅达到复核阈值；小流通市值放大波动；上市年限较短，需专用规则,4,60日强势；高换手；现金流/利润背离；小流通市值,27.95,12734250168.0,1256860855.0,54.27,70.53,8.57,228.82,228.82,34.13,100.2434123029,87.62,6.26,-5.061997804613333,2026-03-31 00:00:00,2026-05-07 00:00:00,20260820,0.649746192893401,0.9465020576131687,1.0,1.0
301677,欣兴工具,通用设备,N:新股/次新专用规则,经营/现金流质量压力；60日强势与高换手共振；绝对涨幅达到复核阈值；小流通市值放大波动；上市年限较短，需专用规则,4,60日强势；高换手；现金流/利润背离；小流通市值,54.47,5447000000.0,1167837780.0,28.78,27.3,2.53,62.21,62.21,6.43,6.7814939347,4.250446952,3.45,0.3479054848682539,2026-03-31 00:00:00,2026-07-10 00:00:00,20260730,0.2764705882352941,0.3045454545454545,0.981981981981982,0.937219730941704
603395,红四方,农化制品,N:新股/次新专用规则,估值位于行业高分位；60日强势与高换手共振；小流通市值放大波动；上市年限较短，需专用规则,4,估值压力；60日强势；高换手；小流通市值,28.12,7311200000.0,1827800000.0,139.23,218.06,5.17,17.51,-3.6,24.77,3.708848328,-40.28,1.85,1.44552988885,2026-06-30 00:00:00,2026-08-26 00:00:00,20241126,0.9019607843137256,0.9322033898305084,0.9491525423728814,1.0
603391,力聚热能,专用设备,N:新股/次新专用规则,经营/现金流质量压力；小流通市值放大波动；上市年限较短，需专用规则,4,60日强势；现金流/利润背离；收入与利润同比下滑；小流通市值,68.16,6202560000.0,1550640000.0,94.58,30.09,2.87,15.1,6.55,2.88,-15.8413994783,-37.6,1.44,0.3458626602555555,2026-06-30 00:00:00,2026-08-21 00:00:00,20240731,0.7266187050359713,0.55,0.9502762430939228,0.8232044198895028
001386,马可波罗,家居用品,N:新股/次新专用规则,经营/现金流质量压力；小流通市值放大波动；上市年限较短，需专用规则,4,高换手；现金流/利润背离；收入与利润同比下滑；小流通市值,16.18,19333805600.0,1740042504.0,30.28,16.49,1.63,1.51,-27.86,4.83,-18.8156988566,-19.18,1.31,-1.0172600872230535,2026-03-31 00:00:00,2026-04-29 00:00:00,20251022,0.4444444444444444,0.3424657534246575,0.8108108108108109,0.9594594594594594
001388,信通电子,电网设备,N:新股/次新专用规则,估值位于行业高分位；经营/现金流质量压力；小流通市值放大波动；上市年限较短，需专用规则,4,估值压力；现金流/利润背离；收入与利润同比下滑；小流通市值,21.37,4995579420.0,2673783884.0,173.15,49.48,3.23,-3.74,-25.49,1.84,-8.1620002848,-71.43,0.98,-13.366958000777778,2026-06-30 00:00:00,2026-08-22 00:00:00,20250701,0.9047619047619048,0.5736434108527132,0.7984496124031008,0.6821705426356589
301636,泽润新能,光伏设备,N:新股/次新专用规则,估值位于行业高分位；经营/现金流质量压力；小流通市值放大波动；上市年限较短，需专用规则,4,估值压力；现金流/利润背离；收入与利润同比下滑；小流通市值,40.43,2615583393.0,1526492182.0,2339.4,4495.55,2.47,-20.48,-17.32,1.34,-17.9083982204,-99.15,0.03,-255.70005355227272,2026-03-31 00:00:00,2026-04-29 00:00:00,20250516,1.0,0.5409836065573771,0.4285714285714285,0.6428571428571429
301667,纳百川,汽车零部件,N:新股/次新专用规则,估值位于行业高分位；经营/现金流质量压力；小流通市值放大波动；上市年限较短，需专用规则,4,估值压力；高换手；现金流/利润背离；小流通市值,63.02,7037418192.0,1495451366.0,242.75,79.06,5.51,-27.59,-21.37,4.25,26.9450893804,-51.31,0.56,-14.859727929533337,2026-03-31 00:00:00,2026-04-29 00:00:00,20251223,0.9441624365482234,0.8744855967078189,0.0942622950819672,0.9631147540983608
688826,频准激光,光学光电子,N:新股/次新专用规则,经营/现金流质量压力；60日强势与高换手共振；绝对涨幅达到复核阈值；上市年限较短，需专用规则,3,60日强势；高换手；现金流/利润背离,1073.0,42920000000.0,8173858626.0,384.02,257.85,19.2,474.17,474.17,22.33,55.205164551,33.5,5.64,0.0523018075268817,2026-03-31 00:00:00,2026-05-22 00:00:00,20260818,0.8888888888888888,0.9148936170212766,1.0,1.0
688828,国仪公司-U,通用设备,N:新股/次新专用规则,估值位于行业高分位；60日强势与高换手共振；绝对涨幅达到复核阈值；上市年限较短，需专用规则,3,估值压力；60日强势；高换手,120.62,48249206200.0,3140828160.0,-343.07,-13634.42,34.05,468.43,468.43,32.69,51.030997321,3.1117669874,-9.77,,2026-06-30 00:00:00,2026-08-10 00:00:00,20260811,,0.9863636363636364,1.0,1.0
688836,宇树科技-W,自动化设备,N:新股/次新专用规则,估值位于行业高分位；60日强势与高换手共振；绝对涨幅达到复核阈值；上市年限较短，需专用规则,3,估值压力；60日强势；高换手,611.0,247127711740.0,18383596920.0,450.96,422.99,28.09,305.17,305.17,13.03,48.5389986228,955.5945828766,9.99,0.8481095577760001,2026-06-30 00:00:00,2026-08-18 00:00:00,20260819,0.9473684210526316,0.9876543209876544,1.0,1.0
301707,展芯股份,半导体,N:新股/次新专用规则,60日强势与高换手共振；绝对涨幅达到复核阈值；小流通市值放大波动；上市年限较短，需专用规则,3,60日强势；高换手；小流通市值,80.96,33289936733.0,2190175581.0,116.09,134.76,13.59,245.25,245.25,15.8,-3.9795674834,15.2,9.67,1.5771650866230769,2026-06-30 00:00:00,2026-08-25 00:00:00,20260807,0.6029411764705882,0.8222222222222222,0.9777777777777776,0.994475138121547
688806,泰诺麦博-U,生物制品,N:新股/次新专用规则,60日强势与高换手共振；绝对涨幅达到复核阈值；小流通市值放大波动；上市年限较短，需专用规则,3,60日强势；高换手；小流通市值,24.28,11182061493.0,1238903025.0,-28.05,-21.9,11.91,67.91,67.91,7.67,623.4116765025,31.2880029376,-407.07,,2026-06-30 00:00:00,2026-08-26 00:00:00,20260721,,0.9074074074074074,0.9629629629629628,0.9444444444444444
603468,津富士达,摩托车及其他,N:新股/次新专用规则,60日强势与高换手共振；绝对涨幅达到复核阈值；小流通市值放大波动；上市年限较短，需专用规则,3,60日强势；高换手；小流通市值,23.98,9885076366.0,958926005.0,26.22,26.34,2.76,37.34,37.34,5.41,19.1265776408,-3.482446293,6.54,2.0448052528960785,2026-06-30 00:00:00,2026-08-05 00:00:00,20260806,0.4166666666666667,0.5625,1.0,1.0
301580,爱迪特,医疗器械,N:新股/次新专用规则,经营/现金流质量压力；60日强势与高换手共振；绝对涨幅达到复核阈值；上市年限较短，需专用规则,3,60日强势；高换手；现金流/利润背离,52.61,7848904366.0,5304339487.0,37.55,37.61,3.59,33.16,68.41,4.43,19.7528971062,13.55,4.77,0.3616528548628572,2026-06-30 00:00:00,2026-08-25 00:00:00,20240626,0.5257731958762887,0.7109375,0.9765625,0.9140625
603082,北自科技,自动化设备,N:新股/次新专用规则,60日强势与高换手共振；绝对涨幅达到复核阈值；小流通市值放大波动；上市年限较短，需专用规则,3,60日强势；高换手；小流通市值,41.98,6992739116.0,1702578662.0,69.92,47.84,4.07,22.39,15.62,8.44,4.0533756259,-34.33,2.97,1.1604210170387097,2026-06-30 00:00:00,2026-08-25 00:00:00,20240130,0.5263157894736842,0.4320987654320987,0.9753086419753086,0.9506172839506172
603257,中国瑞林,工程咨询服务Ⅱ,N:新股/次新专用规则,经营/现金流质量压力；小流通市值放大波动；上市年限较短，需专用规则,3,高换手；现金流/利润背离；小流通市值,66.5,7980000000.0,1655850000.0,38.74,40.11,3.18,6.15,13.1,8.08,7.237077604,271.59,2.03,-2.6822378031,2026-03-31 00:00:00,2026-04-28 00:00:00,20250408,0.3461538461538461,0.725,0.775,0.95
603284,林平发展,造纸,N:新股/次新专用规则,60日强势与高换手共振；小流通市值放大波动；上市年限较短，需专用规则,3,60日强势；高换手；小流通市值,43.73,3297889204.0,824472301.0,14.17,15.68,1.47,5.58,17.36,8.34,41.1260315457,27.33,5.78,0.6911839798184525,2026-06-30 00:00:00,2026-08-18 00:00:00,20260210,0.2222222222222222,0.5652173913043478,0.9130434782608696,0.9565217391304348
301392,汇成真空,专用设备,N:新股/次新专用规则,估值位于行业高分位；经营/现金流质量压力；上市年限较短，需专用规则,3,估值压力；高换手；现金流/利润背离,171.01,17101000000.0,6976508740.0,155.5,412.82,22.89,3.85,32.63,6.55,16.5590965808,230.38,3.7,0.2337709334303383,2026-03-31 00:00:00,2026-04-28 00:00:00,20240605,0.8705035971223022,0.9722222222222222,0.8729281767955801,0.9502762430939228
001325,元创股份,橡胶,N:新股/次新专用规则,经营/现金流质量压力；小流通市值放大波动；上市年限较短，需专用规则,3,高换手；现金流/利润背离；小流通市值,40.91,3207344000.0,801836000.0,31.35,20.28,1.8,2.51,-15.75,9.64,10.4346120266,1.27,1.41,-1.4839605886666665,2026-03-31 00:00:00,2026-04-30 00:00:00,20251218,0.3846153846153846,0.4117647058823529,0.8823529411764706,1.0
603325,博隆技术,专用设备,N:新股/次新专用规则,经营/现金流质量压力；小流通市值放大波动；上市年限较短，需专用规则,3,现金流/利润背离；收入与利润同比下滑；小流通市值,55.4,4432221600.0,1893749280.0,22.68,16.7,1.61,1.28,-27.84,1.67,-21.9102684178,-59.69,3.52,-0.4268114308383822,2026-06-30 00:00:00,2026-08-22 00:00:00,20240110,0.2302158273381295,0.1472222222222222,0.8397790055248618,0.6906077348066298
688727,恒坤新材,半导体,N:新股/次新专用规则,经营/现金流质量压力；小流通市值放大波动；上市年限较短，需专用规则,3,高换手；现金流/利润背离；小流通市值,49.84,22394088864.0,2692767731.0,133.17,159.65,8.66,0.48,4.33,4.81,15.9829870372,102.11,3.3,0.2727022996789474,2026-06-30 00:00:00,2026-08-26 00:00:00,20251118,0.6397058823529411,0.6722222222222223,0.6666666666666666,0.9226519337016574
301557,常友科技,风电设备,N:新股/次新专用规则,估值位于行业高分位；小流通市值放大波动；上市年限较短，需专用规则,3,估值压力；60日强势；小流通市值,85.49,5303031814.0,2126219824.0,-260.73,72.84,5.32,-0.94,-7.86,1.72,1.4352937495,-146.18,-0.49,,2026-03-31 00:00:00,2026-04-28 00:00:00,20250304,,0.9666666666666668,1.0,0.7
001277,速达股份,专用设备,N:新股/次新专用规则,经营/现金流质量压力；小流通市值放大波动；上市年限较短，需专用规则,3,高换手；现金流/利润背离；小流通市值,31.73,2411480000.0,1445285286.0,41.96,26.82,1.56,-1.67,-18.97,13.82,45.0339768569,30.4,0.92,-6.824472729042329,2026-03-31 00:00:00,2026-04-28 00:00:00,20240903,0.4172661870503597,0.1333333333333333,0.7734806629834254,0.994475138121547
603205,健尔康,医疗器械,N:新股/次新专用规则,经营/现金流质量压力；小流通市值放大波动；上市年限较短，需专用规则,3,高换手；收入与利润同比下滑；小流通市值,23.24,3625440000.0,960741600.0,32.98,32.93,2.44,-2.48,-18.0,4.84,-1.174673989,-4.61,1.82,1.0008940462944445,2026-03-31 00:00:00,2026-04-24 00:00:00,20241107,0.4639175257731959,0.53125,0.59375,0.9375
301552,科力装备,汽车零部件,N:新股/次新专用规则,经营/现金流质量压力；小流通市值放大波动；上市年限较短，需专用规则,3,高换手；收入与利润同比下滑；小流通市值,25.24,3123702400.0,780925600.0,30.31,25.2,2.74,-3.3,-10.08,3.18,-6.8395022762,-37.76,4.32,0.884632958952381,2026-06-30 00:00:00,2026-08-26 00:00:00,20240722,0.4213197969543147,0.5720164609053497,0.8114754098360656,0.9098360655737704
301598,博科测试,专用设备,N:新股/次新专用规则,经营/现金流质量压力；小流通市值放大波动；上市年限较短，需专用规则,3,高换手；现金流/利润背离；小流通市值,52.67,3102116735.0,949592592.0,25.55,23.26,3.13,-6.41,-14.33,6.23,9.3005568319,26.65,6.01,-0.3147287458168413,2026-06-30 00:00:00,2026-08-24 00:00:00,20241220,0.2733812949640288,0.5888888888888889,0.6022099447513812,0.9447513812154696
001285,瑞立科密,汽车零部件,N:新股/次新专用规则,经营/现金流质量压力；小流通市值放大波动；上市年限较短，需专用规则,3,高换手；现金流/利润背离；小流通市值,44.21,7981240982.0,1834572202.0,21.51,21.18,2.06,-6.85,-23.45,7.53,24.5559463181,30.95,4.82,0.1213116476893203,2026-06-30 00:00:00,2026-08-26 00:00:00,20250930,0.233502538071066,0.3621399176954732,0.7049180327868853,0.9795081967213116
603402,陕西旅游,旅游及景区,N:新股/次新专用规则,经营/现金流质量压力；小流通市值放大波动；上市年限较短，需专用规则,3,高换手；收入与利润同比下滑；小流通市值,64.85,6519586710.0,1629896710.0,26.15,21.41,2.27,-7.28,7.47,7.31,-18.850115535,-39.01,4.25,1.8177296994846772,2026-06-30 00:00:00,2026-08-14 00:00:00,20260106,0.2857142857142857,0.4583333333333333,0.28,0.96
603350,安乃达,电机Ⅱ,N:新股/次新专用规则,经营/现金流质量压力；小流通市值放大波动；上市年限较短，需专用规则,3,现金流/利润背离；收入与利润同比下滑；小流通市值,28.48,3317749120.0,1256665760.0,30.61,29.99,2.49,-8.45,-24.64,0.44,-5.4475826454,-13.96,2.01,-5.184762963721739,2026-03-31 00:00:00,2026-04-30 00:00:00,20240703,0.2608695652173913,0.36,0.84,0.08
603382,海阳科技,化学纤维,N:新股/次新专用规则,经营/现金流质量压力；小流通市值放大波动；上市年限较短，需专用规则,3,高换手；收入与利润同比下滑；小流通市值,19.35,3507213971.0,2234651894.0,27.12,34.84,1.95,-9.96,-39.79,3.18,-5.7856861435,-17.99,3.63,4.5051927228,2026-06-30 00:00:00,2026-08-20 00:00:00,20250612,0.5,0.5769230769230769,0.5,0.9230769230769232
603400,华之杰,通用设备,N:新股/次新专用规则,经营/现金流质量压力；小流通市值放大波动；上市年限较短，需专用规则,3,高换手；收入与利润同比下滑；小流通市值,45.38,5891688804.0,1644120804.0,66.57,68.94,4.95,-11.07,14.42,5.84,-3.5961815273,-46.78,3.51,1.5329323678970588,2026-06-30 00:00:00,2026-08-03 00:00:00,20250620,0.5588235294117647,0.7,0.4324324324324324,0.9237668161434978
001279,强邦新材,包装印刷,N:新股/次新专用规则,估值位于行业高分位；经营/现金流质量压力；小流通市值放大波动；上市年限较短，需专用规则,3,估值压力；现金流/利润背离；小流通市值,25.68,4108800000.0,1027200000.0,158.82,104.44,4.12,-11.11,-24.74,1.27,14.990235564,-68.68,0.64,-18.238177517029705,2026-03-31 00:00:00,2026-04-28 00:00:00,20241011,0.935483870967742,0.825,0.325,0.7125
603381,永臻股份,光伏设备,N:新股/次新专用规则,经营/现金流质量压力；小流通市值放大波动；上市年限较短，需专用规则,3,现金流/利润背离；收入与利润同比下滑；小流通市值,15.54,3686963306.0,2208819640.0,37.83,-16.5,1.1,-18.72,-21.75,2.48,-7.5009441324,-9.29,0.73,-17.02850204271665,2026-03-31 00:00:00,2026-04-30 00:00:00,20240626,0.5357142857142857,0.081967213114754,0.5238095238095238,0.8253968253968254
301632,广东建科,专业服务,N:新股/次新专用规则,估值位于行业高分位；经营/现金流质量压力；小流通市值放大波动；上市年限较短，需专用规则,3,估值压力；现金流/利润背离；小流通市值,13.52,5658931200.0,2485145000.0,405.06,42.3,2.08,-20.24,-43.81,0.89,-15.5371900346,124.82,0.13,-20.108370603975903,2026-03-31 00:00:00,2026-04-23 00:00:00,20250812,0.9047619047619048,0.4137931034482758,0.1379310344827586,0.3793103448275862
603370,华新精科,电机Ⅱ,N:新股/次新专用规则,经营/现金流质量压力；小流通市值放大波动；上市年限较短，需专用规则,3,现金流/利润背离；收入与利润同比下滑；小流通市值,32.98,5769851000.0,1153970200.0,43.12,43.08,2.96,-20.85,-29.84,1.04,-5.0711169002,-31.97,3.4,-0.2591809569657894,2026-06-30 00:00:00,2026-08-25 00:00:00,20250905,0.4782608695652174,0.4,0.48,0.4
001396,誉帆科技,基础建设,N:新股/次新专用规则,估值位于行业高分位；经营/现金流质量压力；小流通市值放大波动；上市年限较短，需专用规则,3,估值压力；现金流/利润背离；小流通市值,34.8,3720204077.0,790566912.0,515.29,28.97,2.64,-21.12,-18.99,1.78,29.1652259532,213.57,0.12,-31.391638381775152,2026-03-31 00:00:00,2026-04-27 00:00:00,20251230,0.9583333333333334,0.7560975609756098,0.1395348837209302,0.7906976744186046
301591,肯特股份,塑料,N:新股/次新专用规则,经营/现金流质量压力；小流通市值放大波动；上市年限较短，需专用规则,3,高换手；现金流/利润背离；小流通市值,39.92,4365491520.0,1784214340.0,64.89,71.33,4.77,-21.45,28.2,21.24,5.7973065593,-22.13,1.85,-0.315272075605,2026-03-31 00:00:00,2026-04-27 00:00:00,20240228,0.6206896551724138,0.8571428571428571,0.1690140845070422,1.0
603375,盛景微,半导体,N:新股/次新专用规则,估值位于行业高分位；经营/现金流质量压力；小流通市值放大波动；上市年限较短，需专用规则,3,估值压力；收入与利润同比下滑；小流通市值,37.47,3771980012.0,2389871410.0,647.78,-2807.63,2.45,-22.18,2.94,0.91,-17.4257625634,-79.75,0.19,24.41232855823333,2026-06-30 00:00:00,2026-08-22 00:00:00,20240124,0.9338235294117648,0.05,0.1555555555555555,0.1712707182320442
301680,固德电材,汽车零部件,N:新股/次新专用规则,经营/现金流质量压力；绝对涨幅达到复核阈值；小流通市值放大波动；上市年限较短，需专用规则,3,高换手；现金流/利润背离；小流通市值,98.02,8116056000.0,1646979090.0,41.12,41.26,4.5,-23.52,70.32,4.19,68.4179604564,21.6,7.48,-0.2350087695367646,2026-06-30 00:00:00,2026-08-25 00:00:00,20260306,0.5939086294416244,0.8106995884773662,0.1967213114754098,0.9508196721311476
301581,黄山谷捷,汽车零部件,N:新股/次新专用规则,估值位于行业高分位；经营/现金流质量压力；小流通市值放大波动；上市年限较短，需专用规则,3,估值压力；现金流/利润背离；小流通市值,36.59,2927200000.0,1547555755.0,209.37,120.91,2.96,-24.32,-22.31,0.81,35.3169198294,-81.51,0.69,-7.148800693055556,2026-06-30 00:00:00,2026-08-25 00:00:00,20250103,0.934010152284264,0.6213991769547325,0.1598360655737705,0.4118852459016393
301513,尚水智能,电池,N:新股/次新专用规则,估值位于行业高分位；绝对涨幅达到复核阈值；小流通市值放大波动；上市年限较短，需专用规则,3,估值压力；高换手；小流通市值,47.37,4737000000.0,954457609.0,106.1,55.81,3.64,-29.38,80.87,5.46,58.3828522703,-76.18,2.37,13.050234882962965,2026-06-30 00:00:00,2026-08-26 00:00:00,20260417,0.9078947368421052,0.6702127659574468,0.202127659574468,0.9148936170212766
688813,泰金新能,专用设备,N:新股/次新专用规则,经营/现金流质量压力；绝对涨幅达到复核阈值；上市年限较短，需专用规则,3,高换手；现金流/利润背离；收入与利润同比下滑,110.09,17614400000.0,3311174288.0,101.37,94.19,10.1,-32.04,327.04,5.97,-11.4976547164,-16.44,6.68,0.1066930054435483,2026-06-30 00:00:00,2026-08-26 00:00:00,20260331,0.7482014388489209,0.9,0.0773480662983425,0.9337016574585636
603262,技源集团,食品加工,N:新股/次新专用规则,估值位于行业高分位；经营/现金流质量压力；小流通市值放大波动；上市年限较短，需专用规则,3,估值压力；收入与利润同比下滑；小流通市值,18.44,7376184400.0,1924172897.0,80.43,64.69,4.8,-33.16,-35.07,0.93,-9.4051308774,-46.18,1.47,1.103220296583333,2026-03-31 00:00:00,2026-04-28 00:00:00,20250723,0.9411764705882352,0.92,0.08,0.6
301531,春光集团,金属新材料,N:新股/次新专用规则,经营/现金流质量压力；绝对涨幅达到复核阈值；小流通市值放大波动；上市年限较短，需专用规则,3,高换手；现金流/利润背离；小流通市值,50.16,11021824334.0,2351684034.0,73.53,78.36,7.38,-33.39,277.14,3.64,36.32121854,28.09,7.29,0.1968142545223552,2026-06-30 00:00:00,2026-08-25 00:00:00,20260511,0.7741935483870968,0.8181818181818182,0.0606060606060606,0.9393939393939394
603409,汇通控股,汽车零部件,N:新股/次新专用规则,经营/现金流质量压力；小流通市值放大波动；上市年限较短，需专用规则,3,高换手；现金流/利润背离；小流通市值,18.17,3411924316.0,978963478.0,22.95,22.5,2.22,-33.81,-26.7,3.28,31.8739854662,6.03,4.76,0.3763737547624999,2026-06-30 00:00:00,2026-08-26 00:00:00,20250304,0.2690355329949238,0.4300411522633744,0.0327868852459016,0.9139344262295082
688635,长进光子,通信设备,N:新股/次新专用规则,经营/现金流质量压力；绝对涨幅达到复核阈值；上市年限较短，需专用规则,3,高换手；现金流/利润背离；收入与利润同比下滑,302.8,28363276000.0,5376673348.0,450.83,304.83,18.8,-50.44,638.9,11.49,-3.6072363679,-7.62,4.01,0.0859340597952381,2026-06-30 00:00:00,2026-08-26 00:00:00,20260527,0.8983050847457628,0.8588235294117647,0.0117647058823529,0.9529411764705882
